INSERT INTO producto (id_producto, nombre, tipo_producto, unidad_medida, precio_unitario) VALUES
(1, 'Maíz', 'Grano', 'kg', 1800),
(2, 'Aguacate', 'Fruta', 'kg', 5000),
(3, 'Leche', 'Lácteo', 'litros', 3500),
(4, 'Plátano', 'Fruta', 'kg', 1500),
(5, 'Tomate', 'Hortaliza', 'kg', 2700),
(6, 'Yuca', 'Raíz', 'kg', 2000),
(7, 'Frijol', 'Grano', 'kg', 6500),
(8, 'Avena', 'Cereal', 'kg', 4200),
(9, 'Cebolla', 'Hortaliza', 'kg', 2500),
(10, 'Zanahoria', 'Hortaliza', 'kg', 2300),
(11, 'Papa', 'Tubérculo', 'kg', 1900),
(12, 'Fresa', 'Fruta', 'kg', 7000),
(13, 'Mango', 'Fruta', 'kg', 4000),
(14, 'Mandarina', 'Fruta', 'kg', 3200),
(15, 'Limón', 'Fruta', 'kg', 2800),
(16, 'Repollo', 'Hortaliza', 'kg', 1800),
(17, 'Pepino', 'Hortaliza', 'kg', 1600),
(18, 'Pimentón', 'Hortaliza', 'kg', 3000),
(19, 'Cilantro', 'Hierba', 'manojos', 800),
(20, 'Espinaca', 'Hortaliza', 'manojos', 1000),
(21, 'Calabaza', 'Hortaliza', 'kg', 2200),
(22, 'Remolacha', 'Raíz', 'kg', 2100),
(23, 'Panela', 'Industrial', 'kg', 4800),
(24, 'Queso', 'Lácteo', 'kg', 12000),
(25, 'Miel', 'Industrial', 'litros', 9000),
(26, 'Café', 'Grano', 'kg', 13500),
(27, 'Cacao', 'Grano', 'kg', 10500),
(28, 'Arroz', 'Grano', 'kg', 2500),
(29, 'Trigo', 'Grano', 'kg', 2800),
(30, 'Naranja', 'Fruta', 'kg', 3000),
(31, 'Durazno', 'Fruta', 'kg', 4500),
(32, 'Uva', 'Fruta', 'kg', 6000),
(33, 'Melón', 'Fruta', 'kg', 3500),
(34, 'Sandía', 'Fruta', 'kg', 2900),
(35, 'Coco', 'Fruta', 'unidad', 2500),
(36, 'Banano', 'Fruta', 'kg', 1700),
(37, 'Hierbabuena', 'Hierba', 'manojos', 700),
(38, 'Perejil', 'Hierba', 'manojos', 850),
(39, 'Albahaca', 'Hierba', 'manojos', 950),
(40, 'Ajo', 'Condimento', 'kg', 5200),
(41, 'Jengibre', 'Condimento', 'kg', 5600),
(42, 'Cúrcuma', 'Condimento', 'kg', 4800),
(43, 'Lechuga', 'Hortaliza', 'unidad', 1200),
(44, 'Brócoli', 'Hortaliza', 'kg', 3300),
(45, 'Coliflor', 'Hortaliza', 'kg', 3400),
(46, 'Raíz de apio', 'Raíz', 'kg', 2100),
(47, 'Mora', 'Fruta', 'kg', 6800),
(48, 'Maracuyá', 'Fruta', 'kg', 4600),
(49, 'Guayaba', 'Fruta', 'kg', 4000),
(50, 'Almendra', 'Grano', 'kg', 11000);

INSERT INTO cliente (id_cliente, nombre, telefono, correo, direccion) VALUES
(1, 'Carlos Ríos', '3104567890', 'carlos.rios@gmail.com', 'Calle 10 #15-20, Bogotá'),
(2, 'María López', '3137894561', 'maria.lopez@hotmail.com', 'Cra 12 #8-45, Medellín'),
(3, 'Andrés Jiménez', '3009871234', 'andresj@yahoo.com', 'Av 7 #21-15, Cali'),
(4, 'Diana Torres', '3116547892', 'dianatorres@gmail.com', 'Cl 34 #20-55, Bucaramanga'),
(5, 'Luis Gómez', '3141122334', 'luisgomez@gmail.com', 'Cl 5 #13-14, Pereira'),
(6, 'Angela Rodríguez', '3123344556', 'angela.rod@gmail.com', 'Cra 22 #40-60, Barranquilla'),
(7, 'Pedro Herrera', '3109988776', 'pedroh@outlook.com', 'Av 9 #12-78, Cartagena'),
(8, 'Camila Vargas', '3152233445', 'camivargas@gmail.com', 'Cl 16 #8-22, Manizales'),
(9, 'Jorge Salazar', '3188877665', 'jorges@yahoo.es', 'Cra 18 #7-55, Neiva'),
(10, 'Laura Sánchez', '3111122333', 'laurasanchez@gmail.com', 'Cl 30 #15-10, Armenia'),
(11, 'Sofía Castillo', '3101112233', 'sofia.castillo@gmail.com', 'Cl 45 #9-66, Ibagué'),
(12, 'Felipe Mendoza', '3139988777', 'felipem@gmail.com', 'Cra 25 #18-34, Pasto'),
(13, 'Juliana Méndez', '3195566778', 'julianam@hotmail.com', 'Av 15 #21-10, Popayán'),
(14, 'Esteban Ruiz', '3176655443', 'estebanr@gmail.com', 'Cl 12 #10-20, Montería'),
(15, 'Daniela Pérez', '3123344112', 'daniperez@gmail.com', 'Cra 17 #6-43, Sincelejo'),
(16, 'Manuel García', '3149988123', 'manuelg@yahoo.com', 'Cl 8 #14-11, Valledupar'),
(17, 'Natalia Castro', '3116677889', 'nataliac@gmail.com', 'Cra 6 #20-13, Cúcuta'),
(18, 'Santiago Vargas', '3103344556', 'santi_v@gmail.com', 'Av 4 #9-25, Villavicencio'),
(19, 'Karol Martínez', '3181122334', 'karolm@hotmail.com', 'Cl 2 #11-30, Santa Marta'),
(20, 'Sebastián Acosta', '3134445566', 'sebastiacosta@gmail.com', 'Cra 30 #5-18, Tunja'),
(21, 'Valeria Moreno', '3156677885', 'valmoreno@gmail.com', 'Cl 11 #17-20, Yopal'),
(22, 'Lucas Ortiz', '3126655443', 'lucasortiz@yahoo.com', 'Av 10 #6-50, Riohacha'),
(23, 'Mariana Rueda', '3199988771', 'marianar@gmail.com', 'Cra 8 #15-40, Quibdó'),
(24, 'Tomás Torres', '3118899001', 'tomas_t@hotmail.com', 'Cl 18 #9-65, Florencia'),
(25, 'Isabela Romero', '3102223344', 'isabelar@gmail.com', 'Cra 12 #19-21, Arauca'),
(26, 'Samuel Quintero', '3174433221', 'samquintero@gmail.com', 'Cl 25 #12-80, Mocoa'),
(27, 'Emilia Navarro', '3145566779', 'emilian@gmail.com', 'Av 6 #22-10, San José del Guaviare'),
(28, 'Martín Cárdenas', '3128899776', 'martinc@gmail.com', 'Cl 20 #8-17, Mitú'),
(29, 'Renata Franco', '3194432110', 'renataf@gmail.com', 'Cra 14 #16-33, Puerto Carreño'),
(30, 'Gabriel León', '3132211998', 'gabrielleon@gmail.com', 'Cl 6 #10-45, Leticia');

INSERT INTO proveedor (id_proveedor, nombre, telefono, correo, direccion, tipo_producto) VALUES
(1, 'Agrocolombia S.A.', '3105551122', 'ventas@agrocolombia.com', 'Cl 10 #12-30, Bogotá', 'Fertilizantes'),
(2, 'Fertilizantes del Sur', '3136662233', 'contacto@fertilsur.co', 'Cra 8 #20-15, Cali', 'Fertilizantes'),
(3, 'Distribuidora La Huerta', '3007773344', 'info@lahuerta.com', 'Cl 15 #7-42, Medellín', 'Herramientas'),
(4, 'Maquinar S.A.S.', '3118884455', 'ventas@maquinar.com', 'Av 5 #18-22, Barranquilla', 'Maquinaria'),
(5, 'Insumos Agrícolas Andes', '3149995566', 'insumos@andes.co', 'Cra 22 #11-50, Pereira', 'Insumos generales'),
(6, 'TecnoAgro Ltda.', '3124446677', 'tecnico@tecnoagro.com', 'Cl 25 #16-80, Bucaramanga', 'Maquinaria'),
(7, 'Riegos y Suministros SAS', '3103337788', 'servicio@riegosysuministros.com', 'Av 14 #9-30, Ibagué', 'Sistemas de riego'),
(8, 'AgroTiendas Nacionales', '3192228899', 'ventas@agrot.com', 'Cra 17 #6-22, Neiva', 'Herramientas'),
(9, 'Cosecha Natural', '3171119900', 'info@cosechanatural.com', 'Cl 8 #12-10, Montería', 'Semillas'),
(10, 'Frutas y Verduras Caribe', '3165551122', 'contacto@fruvercaribe.com', 'Cra 30 #10-60, Santa Marta', 'Productos frescos'),
(11, 'Abonos del Norte', '3186664433', 'ventas@abonosnorte.co', 'Av 6 #20-40, Cúcuta', 'Abonos'),
(12, 'Equipos Agroindustriales', '3127776644', 'equipos@agroindustriales.com', 'Cl 12 #7-55, Armenia', 'Maquinaria'),
(13, 'BioAgro S.A.S.', '3108885566', 'bio@agro.com', 'Cra 15 #5-18, Popayán', 'Biológicos'),
(14, 'Granos de Colombia', '3119992233', 'ventas@granoscolombia.com', 'Cl 9 #17-40, Manizales', 'Granos'),
(15, 'Semillas Selectas', '3153337788', 'semillas@selectas.com', 'Cra 19 #8-70, Pasto', 'Semillas');

INSERT INTO empleado (id_empleado, nombre, cargo, fecha_contratacion, salario, estado) VALUES
(1, 'Juan Pérez', 'Administrador', '2022-01-10', 2500000, 'Activo'),
(2, 'Ana Gómez', 'Vendedor', '2023-03-15', 1800000, 'Activo'),
(3, 'Luis Rodríguez', 'Operario', '2021-11-01', 1500000, 'Activo'),
(4, 'Marta Ruiz', 'Agrónomo', '2020-08-25', 2800000, 'Activo'),
(5, 'Carlos Díaz', 'Mecánico', '2022-06-12', 1600000, 'Activo'),
(6, 'Laura Torres', 'Contador', '2023-01-05', 2300000, 'Activo'),
(7, 'Pedro Herrera', 'Conductor', '2021-09-17', 1700000, 'Activo'),
(8, 'Camila Vargas', 'Supervisora', '2022-10-03', 2000000, 'Activo'),
(9, 'Jorge Salazar', 'Almacenista', '2023-04-20', 1750000, 'Activo'),
(10, 'Sofía Castillo', 'Secretaria', '2023-06-10', 1600000, 'Activo'),
(11, 'Felipe Mendoza', 'Ingeniero Agrónomo', '2020-03-15', 2900000, 'Activo'),
(12, 'Juliana Méndez', 'Auxiliar Administrativo', '2022-12-01', 1650000, 'Activo'),
(13, 'Esteban Ruiz', 'Técnico de Riego', '2021-07-08', 1550000, 'Activo'),
(14, 'Daniela Pérez', 'Empacadora', '2023-02-18', 1450000, 'Activo'),
(15, 'Manuel García', 'Recolector', '2021-05-22', 1400000, 'Activo');

INSERT INTO empleado (id_empleado, nombre, cargo, fecha_contratacion, salario, estado) VALUES
(16, 'Diana Martínez', 'Vendedor', '2022-09-10', 1750000, 'Activo'),
(17, 'Santiago Reyes', 'Vendedor', '2023-01-20', 1800000, 'Activo'),
(18, 'Isabela Cruz', 'Vendedor', '2021-07-15', 1700000, 'Activo'),
(19, 'Tomás Álvarez', 'Vendedor', '2023-03-05', 1850000, 'Activo'),
(20, 'Valentina Silva', 'Vendedor', '2022-11-18', 1800000, 'Activo'),
(21, 'Sebastián Cárdenas', 'Vendedor', '2022-04-01', 1750000, 'Activo'),
(22, 'Emilia López', 'Vendedor', '2021-10-22', 1700000, 'Activo'),
(23, 'Martín Torres', 'Vendedor', '2023-06-01', 1800000, 'Activo'),
(24, 'Renata Gutiérrez', 'Vendedor', '2022-05-30', 1750000, 'Activo'),
(25, 'Gabriel Peña', 'Vendedor', '2021-12-10', 1850000, 'Activo');

INSERT INTO empleado (id_empleado, nombre, cargo, fecha_contratacion, salario, estado) VALUES
(26, 'Oscar Herrera', 'Operario', '2021-04-15', 1500000, 'Activo'),
(27, 'Luisa Mendoza', 'Operario', '2020-10-20', 1550000, 'Inactivo'),
(28, 'Diego Ríos', 'Operario', '2022-08-11', 1520000, 'Activo'),
(29, 'Karen Vargas', 'Operario', '2023-01-30', 1480000, 'Suspendido'),
(30, 'Ricardo Salinas', 'Operario', '2021-12-05', 1500000, 'Activo'),
(31, 'Marcela Duarte', 'Operario', '2022-03-22', 1490000, 'Activo'),
(32, 'Alejandro Castaño', 'Operario', '2023-05-10', 1510000, 'Inactivo'),
(33, 'Natalia Jiménez', 'Operario', '2021-07-01', 1500000, 'Activo'),
(34, 'David Quintero', 'Operario', '2020-09-18', 1530000, 'Suspendido'),
(35, 'Sergio Ávila', 'Técnico de Mantenimiento', '2020-11-14', 1650000, 'Activo'),
(36, 'Adriana Paredes', 'Técnico de Mantenimiento', '2022-06-19', 1600000, 'Inactivo'),
(37, 'Camilo Lara', 'Técnico de Mantenimiento', '2021-08-23', 1580000, 'Activo'),
(38, 'Paola Rodríguez', 'Técnico de Mantenimiento', '2023-03-12', 1620000, 'Activo'),
(39, 'Julián Restrepo', 'Técnico de Mantenimiento', '2020-05-08', 1590000, 'Suspendido'),
(40, 'Verónica Muñoz', 'Recolector', '2021-09-01', 1400000, 'Activo'),
(41, 'José Ramírez', 'Agrónomo', '2019-12-15', 2750000, 'Inactivo'),
(42, 'Melisa Carrillo', 'Recolector', '2022-10-25', 1420000, 'Activo'),
(43, 'Jonathan Ayala', 'Recolector', '2023-02-03', 1450000, 'Suspendido'),
(44, 'Tatiana Blanco', 'Agrónomo', '2020-06-30', 2800000, 'Activo');

INSERT INTO compra (id_proveedor, id_empleado, fecha_compra, total) VALUES
(2, 11, '2024-05-30', 3244765.88),
(4, 5, '2024-03-13', 418553.29),
(14, 1, '2024-04-02', 338184.70),
(6, 8, '2024-08-11', 1927715.59),
(10, 1, '2024-01-11', 552417.29),
(9, 6, '2024-05-14', 2441926.17),
(4, 4, '2024-06-13', 3471589.93),
(7, 11, '2024-01-18', 3143721.80),
(13, 13, '2024-08-10', 4265411.73),
(6, 5, '2024-06-15', 2037410.88),
(15, 8, '2024-05-13', 4361121.38),
(3, 12, '2024-06-30', 4912137.87),
(1, 11, '2024-02-24', 4621753.41),
(8, 9, '2024-08-05', 2257591.94),
(11, 4, '2024-07-20', 1238501.25),
(2, 12, '2024-03-14', 4154186.11),
(15, 9, '2024-05-01', 4453834.79),
(7, 6, '2024-05-27', 2543581.57),
(5, 8, '2024-07-27', 2030077.95),
(6, 5, '2024-06-10', 2696620.65),
(4, 11, '2024-06-04', 2154136.36),
(13, 1, '2024-05-24', 2714463.67),
(9, 4, '2024-04-15', 2551063.51),
(1, 8, '2024-07-25', 4116877.78),
(12, 11, '2024-07-06', 3962541.64),
(15, 9, '2024-04-20', 3547205.21),
(10, 6, '2024-02-04', 3819467.65),
(14, 4, '2024-02-27', 2035418.28),
(3, 12, '2024-02-19', 2672180.76),
(1, 13, '2024-04-01', 2903679.71),
(11, 8, '2024-04-11', 4421763.58),
(8, 6, '2024-07-31', 3661970.88),
(6, 5, '2024-06-24', 4871537.44),
(2, 9, '2024-06-25', 4301519.66),
(7, 4, '2024-05-07', 2317396.51),
(12, 11, '2024-07-17', 2741483.34),
(9, 1, '2024-06-27', 4123944.41),
(13, 6, '2024-05-12', 4754236.38),
(6, 8, '2024-02-13', 3581284.88),
(5, 13, '2024-08-13', 2838817.70),
(8, 5, '2024-05-21', 3479501.61),
(4, 12, '2024-06-23', 3643357.97),
(3, 4, '2024-07-15', 3501502.84),
(10, 6, '2024-04-30', 3255582.67),
(14, 1, '2024-07-12', 4783442.55),
(11, 9, '2024-02-01', 4841229.83),
(7, 11, '2024-03-09', 2901636.32),
(6, 12, '2024-07-21', 4327106.13),
(3, 13, '2024-04-21', 3110624.72),
(2, 4, '2024-03-27', 4216762.09);

INSERT INTO venta (id_cliente, id_empleado, fecha_venta, total) VALUES
(23, 18, '2024-03-25', 85494.51),
(6, 2, '2024-03-12', 31460.47),
(18, 21, '2024-08-04', 227406.30),
(28, 23, '2024-05-19', 467291.51),
(30, 22, '2024-01-27', 142049.60),
(3, 20, '2024-04-30', 460086.63),
(1, 25, '2024-04-24', 273921.76),
(6, 18, '2024-02-29', 173251.79),
(7, 16, '2024-04-20', 110954.89),
(22, 24, '2024-02-20', 143106.94),
(1, 17, '2024-03-23', 431859.41),
(11, 2, '2024-03-04', 193422.88),
(14, 22, '2024-03-12', 110669.32),
(3, 23, '2024-06-16', 263158.20),
(21, 25, '2024-03-02', 393307.94),
(8, 17, '2024-05-30', 102962.72),
(24, 19, '2024-07-01', 126108.84),
(26, 21, '2024-07-30', 123434.68),
(2, 16, '2024-03-10', 125884.10),
(18, 18, '2024-06-03', 159769.37),
(6, 23, '2024-01-11', 33450.69),
(25, 21, '2024-05-13', 367110.20),
(20, 24, '2024-06-28', 233617.26),
(29, 17, '2024-03-17', 470914.38),
(14, 18, '2024-05-07', 281378.11),
(28, 23, '2024-03-22', 120647.49),
(12, 16, '2024-04-17', 366310.58),
(4, 19, '2024-07-21', 391275.41),
(5, 25, '2024-05-16', 309293.95),
(9, 20, '2024-06-08', 152237.55),
(8, 24, '2024-06-02', 188393.84),
(27, 2, '2024-05-06', 419287.83),
(2, 17, '2024-06-01', 379874.63),
(10, 16, '2024-04-21', 48794.90),
(16, 19, '2024-06-27', 145636.75),
(17, 20, '2024-03-01', 338083.16),
(20, 22, '2024-02-06', 179432.48),
(13, 23, '2024-01-17', 115331.02),
(26, 24, '2024-01-19', 377924.10),
(19, 18, '2024-07-24', 115132.38),
(15, 21, '2024-01-10', 180729.49),
(21, 25, '2024-03-08', 396778.97),
(17, 2, '2024-04-13', 211035.84),
(30, 20, '2024-01-14', 430268.77),
(12, 18, '2024-03-30', 159712.02),
(7, 16, '2024-05-01', 373508.13),
(29, 17, '2024-01-01', 360243.73),
(27, 23, '2024-03-27', 159771.00),
(22, 24, '2024-05-14', 204812.37),
(9, 21, '2024-01-30', 377392.10);

INSERT INTO maquinaria (nombre, tipo, estado, id_empleado, id_compra) VALUES
('Tractor agrícola', 'Tractor', 'Operativa', 29, 2),
('Cosechadora', 'Cosecha', 'En reparación', 32, 4),
('Sembradora', 'Siembra', 'Operativa', 27, 6),
('Arado', 'Preparación de suelo', 'Inactiva', 28, 7),
('Cultivador', 'Preparación de suelo', 'Operativa', 26, 10),
('Fumigadora', 'Fumigación', 'Operativa', 31, 25),
('Sistema de riego', 'Riego', 'En reparación', 34, 28),
('Motocultor', 'Transporte', 'Operativa', 30, 30),
('Empacadora', 'Carga', 'Operativa', 26, 33),
('Trituradora', 'Transporte', 'Operativa', 27, 36),
('Desmalezadora', 'Fumigación', 'En reparación', 28, 39),
('Camión agrícola', 'Transporte', 'Operativa', 29, 42),
('Pulverizadora', 'Fumigación', 'Inactiva', 30, 48),
('Transplantadora', 'Siembra', 'Operativa', 32, 50),
('Carretilla motorizada', 'Carga', 'En reparación', 33, 6),
('Excavadora', 'Carga', 'Operativa', 34, 10),
('Pala cargadora', 'Carga', 'Operativa', 26, 28),
('Desbrozadora', 'Fumigación', 'En reparación', 27, 4),
('Rastra de discos', 'Preparación de suelo', 'Operativa', 28, 25),
('Niveladora', 'Preparación de suelo', 'Inactiva', 29, 36),
('Rodillo compactador', 'Preparación de suelo', 'Operativa', 30, 30),
('Tanque de fumigación', 'Fumigación', 'En reparación', 31, 2),
('Cortadora de forraje', 'Cosecha', 'Operativa', 32, 33),
('Vagón forrajero', 'Transporte', 'Operativa', 33, 7),
('Túnel de secado', 'Carga', 'Operativa', 34, 10),
('Tanque de agua', 'Riego', 'Operativa', 26, 48),
('Cosechadora de papas', 'Cosecha', 'En reparación', 27, 4),
('Tractor oruga', 'Tractor', 'Inactiva', 28, 6),
('Riego por goteo', 'Riego', 'Operativa', 29, 25),
('Trituradora de ramas', 'Carga', 'En reparación', 30, 39);

INSERT INTO cultivo (id_producto, fecha_siembra, fecha_cosecha_estimada) VALUES
(4, '2024-01-15', '2024-05-20'),
(8, '2024-02-01', '2024-06-05'),
(13, '2024-03-10', '2024-07-12'),
(19, '2024-04-02', '2024-08-08'),
(24, '2024-01-25', '2024-05-30'),
(29, '2024-02-18', '2024-06-22'),
(2, '2024-03-15', '2024-07-25'),
(6, '2024-04-10', '2024-08-15'),
(11, '2024-01-05', '2024-05-10'),
(15, '2024-02-28', '2024-07-01'),
(20, '2024-03-20', '2024-07-30'),
(27, '2024-04-12', '2024-08-20'),
(31, '2024-05-01', '2024-09-10'),
(35, '2024-05-18', '2024-09-25'),
(40, '2024-06-05', '2024-10-12');

INSERT INTO inventario (id_producto, cantidad_actual, fecha_ultima_actualizacion) VALUES
(1, 3500.00, '2024-06-15'),
(3, 1800.50, '2024-07-01'),
(5, 4200.75, '2024-05-25'),
(7, 2300.25, '2024-06-28'),
(10, 500.00, '2024-07-10'),
(12, 3900.00, '2024-06-05'),
(14, 2750.00, '2024-08-01'),
(16, 7000.80, '2024-07-20'),
(18, 620.00, '2024-06-30'),
(20, 4500.00, '2024-07-18'),
(22, 850.00, '2024-07-05'),
(24, 1300.00, '2024-06-12'),
(26, 2700.00, '2024-05-22'),
(28, 1100.00, '2024-06-07'),
(30, 970.60, '2024-06-27'),
(32, 3200.00, '2024-07-14'),
(35, 5600.00, '2024-06-24'),
(38, 490.00, '2024-08-10'),
(44, 8700.00, '2024-07-29'),
(47, 1020.00, '2024-07-02');

INSERT INTO produccion (id_producto, cantidad_producida, fecha, observaciones) VALUES
(4, 3250.00, '2024-07-15', 'Producción dentro del rendimiento esperado.'),
(8, 2700.50, '2024-07-18', 'Sin incidencias.'),
(13, 4100.75, '2024-07-20', 'Buena cosecha por condiciones climáticas.'),
(19, 1990.30, '2024-07-22', 'Producción baja por plagas menores.'),
(24, 3890.00, '2024-07-25', 'Recolección completada sin problemas.'),
(29, 4210.00, '2024-07-28', 'Producción superior al estimado.'),
(2, 1680.25, '2024-07-29', 'Producción promedio.'),
(6, 3040.60, '2024-08-01', 'Problemas con maquinaria retrasaron cosecha.'),
(11, 1100.00, '2024-08-03', 'Baja producción por lluvias intensas.'),
(15, 2560.90, '2024-08-05', 'Sin novedades.'),
(20, 3780.00, '2024-08-06', 'Producción en óptimas condiciones.'),
(27, 4850.00, '2024-08-07', 'Recolección manual exitosa.'),
(31, 1600.00, '2024-08-08', 'Producción ajustada a demanda local.'),
(35, 2950.75, '2024-08-09', 'Sin contratiempos.'),
(40, 3125.00, '2024-08-10', 'Buena calidad del producto final.'),
(9, 800.00, '2024-07-30', 'Producción mínima esperada.'),
(22, 540.00, '2024-08-02', 'Producción afectada por hongos.'),
(30, 980.00, '2024-08-04', 'Condiciones de suelo mejorables.'),
(1, 4600.00, '2024-08-06', 'Producción alta gracias a riego constante.'),
(17, 2300.00, '2024-08-08', 'Plagas leves al inicio del ciclo.');

INSERT INTO detalle_compra (id_compra, id_producto, cantidad, precio_unitario, subtotal) VALUES
(1, 3, 400.00, 2000.00, 800000.00),
(1, 7, 300.00, 1800.00, 540000.00),
(1, 15, 250.00, 2200.00, 550000.00),
(1, 24, 100.00, 13500.00, 1350000.00),
(1, 1, 180.00, 1700.00, 306000.00),
(2, 10, 60.00, 2500.00, 150000.00),
(2, 18, 50.00, 2700.00, 135000.00),
(2, 23, 40.00, 3300.00, 132000.00),
(3, 8, 70.00, 4000.00, 280000.00),
(3, 13, 20.00, 2900.00, 58000.00),
(4, 5, 120.00, 3000.00, 360000.00),
(4, 17, 100.00, 2500.00, 250000.00),
(4, 25, 180.00, 4500.00, 810000.00),
(4, 30, 100.00, 5000.00, 500000.00),
(5, 6, 90.00, 2800.00, 252000.00),
(5, 2, 80.00, 2000.00, 160000.00),
(5, 11, 70.00, 2000.00, 140000.00);

INSERT INTO detalle_compra (id_compra, id_producto, cantidad, precio_unitario, subtotal) VALUES
(6, 9, 300.00, 2500.00, 750000.00),
(6, 12, 200.00, 3000.00, 600000.00),
(6, 27, 180.00, 4000.00, 720000.00),
(7, 4, 350.00, 3000.00, 1050000.00),
(7, 20, 200.00, 2700.00, 540000.00),
(7, 26, 200.00, 3500.00, 700000.00),
(7, 35, 180.00, 6500.00, 1170000.00),
(8, 2, 150.00, 3200.00, 480000.00),
(8, 16, 300.00, 2500.00, 750000.00),
(8, 21, 200.00, 3200.00, 640000.00),
(8, 38, 170.00, 6500.00, 1105000.00),
(9, 5, 350.00, 3500.00, 1225000.00),
(9, 6, 250.00, 3600.00, 900000.00),
(9, 19, 200.00, 3200.00, 640000.00),
(9, 28, 150.00, 3300.00, 495000.00),
(10, 7, 250.00, 3500.00, 875000.00),
(10, 17, 200.00, 2900.00, 580000.00),
(10, 29, 150.00, 3900.00, 585000.00);

INSERT INTO detalle_venta (id_venta, id_producto, cantidad, precio_unitario, subtotal) VALUES
(1, 5, 8.00, 2800.00, 22400.00),
(1, 12, 10.00, 2500.00, 25000.00),
(1, 30, 9.00, 3800.50, 34204.50),
(1, 22, 2.00, 6950.00, 13990.00),
(2, 1, 3.00, 1800.00, 5400.00),
(2, 16, 6.00, 2800.00, 16800.00),
(2, 27, 2.00, 4650.00, 9300.00),
(3, 4, 15.00, 3200.00, 48000.00),
(3, 8, 20.00, 4500.00, 90000.00),
(3, 21, 25.00, 3500.00, 87500.00),
(3, 39, 5.00, 3812.63, 19006.30),
(4, 6, 12.00, 3000.00, 36000.00),
(4, 9, 18.00, 4000.00, 72000.00),
(4, 14, 20.00, 3150.00, 63000.00),
(4, 17, 10.00, 3329.15, 33291.51),
(5, 10, 6.00, 4000.00, 24000.00),
(5, 13, 10.00, 3400.00, 34000.00),
(5, 18, 15.00, 2836.64, 42549.60),
(5, 25, 12.00, 3300.50, 39600.00);

INSERT INTO detalle_venta (id_venta, id_producto, cantidad, precio_unitario, subtotal) VALUES
(6, 3, 12.00, 3800.00, 45600.00),
(6, 11, 30.00, 3700.00, 111000.00),
(6, 15, 10.00, 3034.66, 30346.63),
(6, 28, 9.00, 9030.07, 81240.00),
(7, 2, 8.00, 3500.00, 28000.00),
(7, 20, 10.00, 3900.00, 39000.00),
(7, 33, 8.00, 4500.00, 36000.00),
(7, 42, 7.00, 24131.68, 168921.76),
(8, 5, 10.00, 3500.00, 35000.00),
(8, 18, 12.00, 3700.00, 44400.00),
(8, 29, 15.00, 6235.45, 93526.79),
(9, 7, 6.00, 3300.00, 19800.00),
(9, 14, 5.00, 4700.00, 23500.00),
(9, 30, 10.00, 6795.49, 67954.89),
(10, 6, 6.00, 3700.00, 22200.00),
(10, 17, 8.00, 4150.00, 33200.00),
(10, 35, 6.00, 3884.49, 23306.94);

INSERT INTO detalle_venta (id_venta, id_producto, cantidad, precio_unitario, subtotal) VALUES
(11, 9, 10.00, 4500.00, 45000.00),
(11, 13, 12.00, 5200.00, 62400.00),
(11, 23, 14.00, 2340.00, 32760.00),
(11, 36, 12.00, 2316.62, 27700.00),
(12, 2, 10.00, 3200.00, 32000.00),
(12, 10, 14.00, 4000.00, 56000.00),
(12, 25, 12.00, 3300.00, 39600.00),
(12, 40, 14.00, 4516.06, 63222.88),
(13, 4, 7.00, 4000.00, 28000.00),
(13, 12, 6.00, 3500.00, 21000.00),
(13, 26, 10.00, 6176.93, 61769.32),
(14, 3, 10.00, 4200.00, 42000.00),
(14, 17, 9.00, 3200.00, 28800.00),
(14, 34, 12.00, 15929.85, 191358.20),
(15, 6, 8.00, 3200.00, 25600.00),
(15, 8, 14.00, 3800.00, 53200.00),
(15, 19, 16.00, 8000.00, 128000.00),
(15, 41, 7.00, 7329.28, 51307.94);

INSERT INTO actividad_maquinaria (id_maquinaria, tipo_actividad, descripcion_actividad, fecha_inicio, fecha_fin) VALUES
(1, 'Labranza', 'Preparación de terreno con el tractor antes de la siembra.', '2024-03-01', '2024-03-03'),
(2, 'Siembra', 'Siembra directa de maíz con sembradora mecánica.', '2024-03-10', '2024-03-11'),
(3, 'Riego', 'Riego automatizado en parcelas de hortalizas.', '2024-04-02', '2024-04-03'),
(4, 'Fertilización', 'Aplicación de fertilizante líquido con rociadora.', '2024-04-15', '2024-04-16'),
(5, 'Cosecha', 'Recolección de papa con cosechadora automática.', '2024-05-05', '2024-05-06'),
(6, 'Transporte', 'Transporte de bultos de yuca desde el campo a bodega.', '2024-05-10', '2024-05-10'),
(7, 'Fumigación', 'Aplicación de pesticidas en cultivos de tomate.', '2024-03-18', '2024-03-18'),
(8, 'Mezcla', 'Preparación de mezcla de abono orgánico.', '2023-11-12', '2023-11-13'),
(9, 'Riego', 'Mantenimiento y verificación de riego por aspersión.', '2024-02-08', '2024-02-09'),
(10, 'Transporte', 'Transporte de insumos agrícolas a zona de cultivo.', '2024-06-01', '2024-06-01'),
(11, 'Labranza', 'Remoción de suelo para cultivo de frijol.', '2023-12-15', '2023-12-17'),
(12, 'Siembra', 'Siembra mecanizada de arroz.', '2024-01-05', '2024-01-06'),
(13, 'Riego', 'Riego en cultivo de cebolla.', '2024-02-20', '2024-02-21'),
(14, 'Fertilización', 'Aplicación foliar en cultivo de espinaca.', '2024-03-22', '2024-03-22'),
(15, 'Cosecha', 'Cosecha de zanahoria en lote 3.', '2024-04-30', '2024-05-01'),
(16, 'Transporte', 'Movilización de productos a centro de acopio.', '2024-05-14', '2024-05-14'),
(17, 'Labranza', 'Labranza profunda para siembra de avena.', '2024-02-02', '2024-02-04'),
(18, 'Siembra', 'Siembra de cilantro mediante sistema mecánico.', '2024-03-10', '2024-03-10'),
(19, 'Fumigación', 'Fumigación contra hongos en cultivo de fresa.', '2024-03-25', '2024-03-25'),
(20, 'Cosecha', 'Cosecha de plátano con maquinaria de corte.', '2024-04-12', '2024-04-13'),
(21, 'Riego', 'Riego nocturno en parcelas de repollo.', '2024-04-20', '2024-04-21'),
(22, 'Labranza', 'Aireado del suelo con rastra de discos.', '2023-11-22', '2023-11-24'),
(23, 'Siembra', 'Distribución de semilla en cultivo de calabaza.', '2024-01-10', '2024-01-11'),
(24, 'Transporte', 'Traslado de fertilizantes desde almacén.', '2024-03-02', '2024-03-02'),
(25, 'Fertilización', 'Fertilización en cultivo de yuca.', '2024-05-20', '2024-05-20'),
(26, 'Cosecha', 'Extracción de remolacha con maquinaria especializada.', '2024-06-05', '2024-06-06'),
(27, 'Fumigación', 'Control de plagas en cultivos de mango.', '2024-05-03', '2024-05-03'),
(28, 'Mezcla', 'Preparación de solución nutritiva para riego.', '2024-04-18', '2024-04-18'),
(29, 'Transporte', 'Transporte de trabajadores al campo.', '2024-02-27', '2024-02-27'),
(30, 'Otro', 'Mantenimiento general de la maquinaria.', '2024-03-15', '2024-03-15');

INSERT INTO mantenimiento_maquinaria (id_maquinaria, id_empleado, fecha, descripcion, costo) VALUES
(1, 14, '2024-03-05', 'Cambio de aceite y revisión de motor del tractor.', 180000.00),
(3, 15, '2024-02-20', 'Limpieza de boquillas y calibración de riego.', 95000.00),
(5, 16, '2024-04-10', 'Reemplazo de cuchillas de la cosechadora.', 320000.00),
(7, 14, '2024-05-12', 'Verificación de sistema hidráulico.', 150000.00),
(10, 16, '2023-11-28', 'Ajuste y engrase de partes móviles.', 87000.00),
(12, 15, '2024-01-18', 'Cambio de batería y revisión eléctrica.', 142000.00),
(14, 14, '2024-04-22', 'Mantenimiento preventivo general.', 120000.00),
(17, 15, '2024-02-10', 'Sustitución de correas desgastadas.', 99000.00),
(19, 16, '2024-05-02', 'Revisión del sistema de frenos.', 134000.00),
(21, 14, '2023-12-15', 'Cambio de filtros de combustible.', 78000.00),
(22, 16, '2024-03-08', 'Reparación de sistema hidráulico dañado.', 210000.00),
(24, 15, '2024-04-18', 'Limpieza profunda de tolvas y ejes.', 87000.00),
(26, 14, '2024-06-04', 'Mantenimiento correctivo tras fallo en campo.', 198000.00),
(28, 15, '2024-03-30', 'Alineación de ruedas y revisión general.', 112000.00),
(30, 16, '2024-02-14', 'Engrase, calibración y revisión eléctrica.', 153000.00);

INSERT INTO asistencia_empleado (id_empleado, fecha, hora_entrada, hora_salida) VALUES
(1, '2024-06-03', '07:10:00', '16:00:00'),
(2, '2024-06-03', '07:05:00', '16:15:00'),
(3, '2024-06-03', '07:00:00', '15:50:00'),
(4, '2024-06-04', '07:20:00', '16:10:00'),
(5, '2024-06-04', '06:55:00', '16:05:00'),
(6, '2024-06-05', '07:00:00', '16:00:00'),
(7, '2024-06-05', '07:10:00', '16:00:00'),
(8, '2024-06-06', '07:15:00', '16:20:00'),
(9, '2024-06-06', '07:00:00', '15:45:00'),
(10, '2024-06-07', '07:05:00', '16:00:00'),
(11, '2024-06-07', '07:12:00', '16:10:00'),
(12, '2024-06-10', '07:00:00', '16:00:00'),
(13, '2024-06-10', '07:03:00', '15:55:00'),
(14, '2024-06-11', '07:20:00', '16:30:00'),
(15, '2024-06-11', '06:50:00', '15:45:00'),
(16, '2024-06-12', '07:10:00', '16:00:00'),
(17, '2024-06-12', '07:00:00', '16:00:00'),
(18, '2024-06-13', '07:05:00', '16:10:00'),
(19, '2024-06-13', '07:00:00', '15:50:00'),
(20, '2024-06-14', '07:00:00', '16:00:00');
